<annotation>
	<folder>downsized_plate_subset</folder>
	<filename>0_2_0916162331.png</filename>
	<path>/Users/cla24mas/Documents/My_Repos/SC_TSL_15092024_Plate_Detect-/Training_Data/Unlabelled/augmentation/downsized_plate_subset/0_2_0916162331.png</path>
	<source>
		<database>Unknown</database>
	</source>
	<size>
		<width>799</width>
		<height>600</height>
		<depth>3</depth>
	</size>
	<segmented>0</segmented>
	<object>
		<name>plate</name>
		<pose>Unspecified</pose>
		<truncated>1</truncated>
		<difficult>0</difficult>
		<bndbox>
			<xmin>128</xmin>
			<ymin>1</ymin>
			<xmax>799</xmax>
			<ymax>356</ymax>
		</bndbox>
	</object>
	<object>
		<name>plate</name>
		<pose>Unspecified</pose>
		<truncated>1</truncated>
		<difficult>0</difficult>
		<bndbox>
			<xmin>654</xmin>
			<ymin>45</ymin>
			<xmax>799</xmax>
			<ymax>357</ymax>
		</bndbox>
	</object>
	<object>
		<name>plate</name>
		<pose>Unspecified</pose>
		<truncated>1</truncated>
		<difficult>0</difficult>
		<bndbox>
			<xmin>600</xmin>
			<ymin>505</ymin>
			<xmax>799</xmax>
			<ymax>600</ymax>
		</bndbox>
	</object>
	<object>
		<name>plate</name>
		<pose>Unspecified</pose>
		<truncated>1</truncated>
		<difficult>0</difficult>
		<bndbox>
			<xmin>32</xmin>
			<ymin>473</ymin>
			<xmax>305</xmax>
			<ymax>600</ymax>
		</bndbox>
	</object>
</annotation>
