<annotation>
	<folder>downsized_plate_subset</folder>
	<filename>1_3_0916162118.png</filename>
	<path>/Users/cla24mas/Documents/My_Repos/SC_TSL_15092024_Plate_Detect-/Training_Data/Unlabelled/augmentation/downsized_plate_subset/1_3_0916162118.png</path>
	<source>
		<database>Unknown</database>
	</source>
	<size>
		<width>799</width>
		<height>600</height>
		<depth>3</depth>
	</size>
	<segmented>0</segmented>
	<object>
		<name>plate</name>
		<pose>Unspecified</pose>
		<truncated>1</truncated>
		<difficult>0</difficult>
		<bndbox>
			<xmin>1</xmin>
			<ymin>1</ymin>
			<xmax>733</xmax>
			<ymax>599</ymax>
		</bndbox>
	</object>
</annotation>
