<annotation>
	<folder>downsized_plate_subset</folder>
	<filename>2_2_0916162313.png</filename>
	<path>/Users/cla24mas/Documents/My_Repos/SC_TSL_15092024_Plate_Detect-/Training_Data/Unlabelled/augmentation/downsized_plate_subset/2_2_0916162313.png</path>
	<source>
		<database>Unknown</database>
	</source>
	<size>
		<width>799</width>
		<height>600</height>
		<depth>3</depth>
	</size>
	<segmented>0</segmented>
	<object>
		<name>plate</name>
		<pose>Unspecified</pose>
		<truncated>1</truncated>
		<difficult>0</difficult>
		<bndbox>
			<xmin>148</xmin>
			<ymin>118</ymin>
			<xmax>799</xmax>
			<ymax>600</ymax>
		</bndbox>
	</object>
	<object>
		<name>plate</name>
		<pose>Unspecified</pose>
		<truncated>1</truncated>
		<difficult>0</difficult>
		<bndbox>
			<xmin>1</xmin>
			<ymin>203</ymin>
			<xmax>168</xmax>
			<ymax>596</ymax>
		</bndbox>
	</object>
	<object>
		<name>plate</name>
		<pose>Unspecified</pose>
		<truncated>1</truncated>
		<difficult>0</difficult>
		<bndbox>
			<xmin>16</xmin>
			<ymin>1</ymin>
			<xmax>620</xmax>
			<ymax>189</ymax>
		</bndbox>
	</object>
</annotation>
