<annotation>
	<folder>downsized_plate_subset</folder>
	<filename>3_1_0916162042.png</filename>
	<path>/Users/cla24mas/Documents/My_Repos/SC_TSL_15092024_Plate_Detect-/Training_Data/Unlabelled/augmentation/downsized_plate_subset/3_1_0916162042.png</path>
	<source>
		<database>Unknown</database>
	</source>
	<size>
		<width>799</width>
		<height>600</height>
		<depth>3</depth>
	</size>
	<segmented>0</segmented>
	<object>
		<name>plate</name>
		<pose>Unspecified</pose>
		<truncated>1</truncated>
		<difficult>0</difficult>
		<bndbox>
			<xmin>338</xmin>
			<ymin>101</ymin>
			<xmax>799</xmax>
			<ymax>600</ymax>
		</bndbox>
	</object>
	<object>
		<name>plate</name>
		<pose>Unspecified</pose>
		<truncated>1</truncated>
		<difficult>0</difficult>
		<bndbox>
			<xmin>392</xmin>
			<ymin>1</ymin>
			<xmax>723</xmax>
			<ymax>128</ymax>
		</bndbox>
	</object>
</annotation>
