filename,width,height,class,xmin,ymin,xmax,ymax
1_2_0916162135.png,799,600,plate,224,1,798,500
0_1_0916162451.png,799,600,plate,1,1,365,479
1_3_0916162509.png,799,600,plate,1,1,203,360
1_3_0916162247.png,799,600,plate,1,1,272,401
1_3_0916162247.png,799,600,plate,1,392,361,600
0_1_0916161819.png,799,600,plate,1,315,500,600
1_2_0916162451.png,799,600,plate,1,447,530,600
1_2_0916162451.png,799,600,plate,605,460,799,600
1_2_0916162451.png,799,600,plate,374,1,799,336
0_1_0916162135.png,799,600,plate,1,98,767,600
0_0_0916162509.png,799,600,plate,686,1,799,586
0_0_0916162247.png,799,600,plate,655,492,798,600
1_2_0916161819.png,799,600,plate,1,290,415,600
1_2_0916161819.png,799,600,plate,530,1,799,134
2_1_0916161939.png,799,600,plate,515,530,696,600
2_1_0916161939.png,799,600,plate,345,1,610,82
0_3_0916162621.png,799,600,plate,1,48,130,600
3_3_0916162603.png,799,600,plate,1,1,95,137
3_2_0916161939.png,799,600,plate,1,217,132,542
3_2_0916161939.png,799,600,plate,216,1,799,492
1_0_0916162153.png,799,600,plate,620,38,799,406
1_0_0916162153.png,799,600,plate,598,503,786,600
1_0_0916162621.png,799,600,plate,759,218,799,361
0_3_0916161659.png,799,600,plate,1,392,350,600
0_1_0916162518.png,799,600,plate,1,1,766,569
0_1_0916162518.png,799,600,plate,1,321,118,600
2_3_0916162304.png,799,600,plate,1,1,494,599
1_0_0916161659.png,799,600,plate,639,1,799,442
1_3_0916162118.png,799,600,plate,1,1,733,599
0_2_0916162340.png,799,600,plate,445,71,799,600
0_2_0916162340.png,799,600,plate,1,133,155,600
1_0_0916161922.png,799,600,plate,505,1,799,458
1_2_0916162322.png,799,600,plate,1,1,362,149
1_2_0916162322.png,799,600,plate,611,145,799,589
1_2_0916162322.png,799,600,plate,450,526,613,600
1_1_0916162340.png,799,600,plate,33,306,704,600
1_1_0916162340.png,799,600,plate,445,1,799,135
0_3_0916161922.png,799,600,plate,97,498,318,600
0_1_0916162322.png,799,600,plate,1,190,563,600
0_1_0916162322.png,799,600,plate,595,124,799,600
1_3_0916162536.png,799,600,plate,1,451,300,600
3_1_0916162100.png,799,600,plate,85,1,701,566
1_0_0916162024.png,799,600,plate,720,1,799,112
2_0_0916162006.png,799,600,plate,619,432,799,600
2_2_0916162100.png,799,600,plate,1,1,711,569
2_2_0916162100.png,799,600,plate,681,1,799,506
0_3_0916162024.png,799,600,plate,1,193,209,600
0_1_0916162042.png,799,600,plate,594,297,799,600
0_1_0916162042.png,799,600,plate,1,412,279,600
1_2_0916162042.png,799,600,plate,1,1,444,482
1_2_0916162042.png,799,600,plate,608,1,799,241
0_0_0916162126.png,799,600,plate,752,455,799,573
2_0_0916162416.png,799,600,plate,560,1,799,201
0_3_0916162434.png,799,600,plate,1,1,491,599
1_3_0916161837.png,799,600,plate,1,290,499,600
1_3_0916161837.png,799,600,plate,1,1,365,229
1_1_0916162545.png,799,600,plate,1,1,207,427
1_1_0916162545.png,799,600,plate,207,1,799,471
1_3_0916162331.png,799,600,plate,1,1,395,593
3_2_0916162229.png,799,600,plate,1,85,160,600
3_2_0916162229.png,799,600,plate,267,6,799,600
0_3_0916161855.png,799,600,plate,1,312,492,600
0_3_0916161855.png,799,600,plate,1,1,41,323
0_1_0916162255.png,799,600,plate,347,73,799,600
0_1_0916162255.png,799,600,plate,1,68,408,600
0_1_0916162255.png,799,600,plate,128,1,453,118
0_2_0916162545.png,799,600,plate,175,322,769,600
0_2_0916162545.png,799,600,plate,422,1,799,326
0_0_0916162331.png,799,600,plate,495,1,799,77
2_3_0916161801.png,799,600,plate,1,484,382,600
2_3_0916161801.png,799,600,plate,1,1,384,295
2_1_0916162229.png,799,600,plate,17,1,799,599
0_0_0916162443.png,799,600,plate,489,143,797,522
1_2_0916162255.png,799,600,plate,1,1,140,145
1_2_0916162255.png,799,600,plate,100,71,799,600
1_2_0916162255.png,799,600,plate,649,1,799,202
1_2_0916162527.png,799,600,plate,30,1,799,599
0_2_0916161931.png,799,600,plate,94,1,799,529
0_2_0916162425.png,799,600,plate,515,1,799,484
3_3_0916162211.png,799,600,plate,1,195,450,600
3_3_0916162211.png,799,600,plate,1,1,315,218
2_1_0916162407.png,799,600,plate,722,208,799,600
1_3_0916161957.png,799,600,plate,1,1,574,465
1_1_0916162425.png,799,600,plate,577,9,799,599
3_0_0916161752.png,799,600,plate,659,1,799,192
3_0_0916161752.png,799,600,plate,675,353,799,600
2_0_0916162211.png,799,600,plate,343,4,799,600
3_2_0916162407.png,799,600,plate,1,187,545,600
3_2_0916162407.png,799,600,plate,1,1,530,125
3_2_0916162407.png,799,600,plate,509,240,799,600
1_3_0916162255.png,799,600,plate,1,1,489,312
1_3_0916162527.png,799,600,plate,1,450,293,600
1_3_0916162527.png,799,600,plate,1,235,35,320
2_0_0916162229.png,799,600,plate,509,562,799,600
0_1_0916162331.png,799,600,plate,1,211,695,600
1_1_0916161855.png,799,600,plate,17,201,774,600
1_1_0916161855.png,799,600,plate,449,1,789,155
0_3_0916162545.png,799,600,plate,1,1,334,284
2_2_0916162313.png,799,600,plate,148,118,799,600
2_2_0916162313.png,799,600,plate,1,203,168,596
2_2_0916162313.png,799,600,plate,16,1,620,189
0_1_0916161837.png,799,600,plate,550,165,799,600
0_0_0916162255.png,799,600,plate,520,33,799,600
0_0_0916162527.png,799,600,plate,381,257,798,600
3_3_0916162229.png,799,600,plate,1,98,300,600
1_2_0916162331.png,799,600,plate,1,1,547,600
1_2_0916162331.png,799,600,plate,495,1,799,553
0_2_0916161855.png,799,600,plate,1,101,218,600
0_2_0916161855.png,799,600,plate,233,1,799,375
0_2_0916161855.png,799,600,plate,691,455,799,600
3_3_0916161913.png,799,600,plate,1,363,59,490
3_3_0916161913.png,799,600,plate,379,1,744,179
1_0_0916162545.png,799,600,plate,350,1,799,464
3_1_0916162313.png,799,600,plate,344,1,776,209
1_2_0916161837.png,799,600,plate,1,1,410,224
1_2_0916161837.png,799,600,plate,529,1,799,136
1_2_0916161837.png,799,600,plate,629,449,799,600
3_3_0916162407.png,799,600,plate,1,174,390,600
3_3_0916162407.png,799,600,plate,355,22,799,600
2_1_0916162211.png,799,600,plate,1,1,261,586
2_1_0916162211.png,799,600,plate,206,92,799,600
3_1_0916161752.png,799,600,plate,1,303,503,600
3_1_0916161752.png,799,600,plate,1,1,476,149
3_1_0916161752.png,799,600,plate,485,237,799,600
1_2_0916161957.png,799,600,plate,103,515,714,600
1_2_0916161957.png,799,600,plate,59,1,724,295
1_2_0916161957.png,799,600,plate,737,1,799,464
3_3_0916162611.png,799,600,plate,1,1,251,165
3_2_0916162211.png,799,600,plate,1,1,88,97
3_2_0916162211.png,799,600,plate,584,240,799,600
3_2_0916162211.png,799,600,plate,583,1,799,123
0_3_0916162425.png,799,600,plate,1,1,516,524
0_3_0916162425.png,799,600,plate,1,456,375,600
2_2_0916161752.png,799,600,plate,1,1,491,505
2_2_0916161752.png,799,600,plate,537,1,799,315
0_1_0916161957.png,799,600,plate,107,481,705,600
1_1_0916162554.png,799,600,plate,207,255,799,600
1_1_0916162554.png,799,600,plate,209,1,799,171
0_2_0916162024.png,799,600,plate,1,404,314,600
0_2_0916162024.png,799,600,plate,406,204,799,600
2_3_0916162100.png,799,600,plate,1,1,522,551
0_1_0916162536.png,799,600,plate,1,426,158,600
0_1_0916162536.png,799,600,plate,189,426,773,600
0_1_0916162536.png,799,600,plate,1,1,429,408
2_1_0916162006.png,799,600,plate,1,221,593,600
2_1_0916162006.png,799,600,plate,685,157,799,413
1_1_0916162024.png,799,600,plate,539,1,799,479
1_1_0916162024.png,799,600,plate,1,1,520,127
3_2_0916162006.png,799,600,plate,1,67,423,600
3_2_0916162006.png,799,600,plate,180,1,414,106
0_2_0916162434.png,799,600,plate,1,1,361,476
0_2_0916162434.png,799,600,plate,499,1,799,600
0_1_0916162126.png,799,600,plate,1,90,769,600
2_1_0916162416.png,799,600,plate,1,1,531,365
2_1_0916162416.png,799,600,plate,634,1,799,253
1_3_0916162042.png,799,600,plate,1,1,437,203
2_1_0916162358.png,799,600,plate,306,6,799,600
0_2_0916162144.png,799,600,plate,89,404,584,600
1_1_0916162434.png,799,600,plate,232,1,799,600
3_2_0916162358.png,799,600,plate,1,1,128,193
1_2_0916162118.png,799,600,plate,1,1,392,264
1_2_0916162118.png,799,600,plate,1,500,199,600
1_2_0916162118.png,799,600,plate,755,132,799,270
2_2_0916162304.png,799,600,plate,1,1,404,535
2_2_0916162304.png,799,600,plate,511,1,799,600
1_1_0916161659.png,799,600,plate,1,1,594,545
1_1_0916161659.png,799,600,plate,311,397,799,600
0_1_0916162118.png,799,600,plate,522,171,799,600
0_0_0916162518.png,799,600,plate,389,260,798,600
3_1_0916162304.png,799,600,plate,1,1,759,429
0_2_0916161659.png,799,600,plate,542,413,799,600
1_0_0916161846.png,799,600,plate,718,344,799,565
0_0_0916162322.png,799,600,plate,607,292,798,600
1_3_0916162322.png,799,600,plate,1,21,574,600
1_3_0916162322.png,799,600,plate,213,1,514,106
1_1_0916161922.png,799,600,plate,1,1,466,547
1_1_0916161922.png,799,600,plate,201,416,600,600
0_3_0916162340.png,799,600,plate,1,22,446,600
1_3_0916161819.png,799,600,plate,1,1,357,234
0_1_0916162247.png,799,600,plate,419,142,799,600
0_1_0916162509.png,799,600,plate,1,2,587,600
0_0_0916162135.png,799,600,plate,754,466,799,560
3_2_0916161726.png,799,600,plate,1,225,223,600
3_2_0916161726.png,799,600,plate,211,1,799,419
1_3_0916162451.png,799,600,plate,1,349,452,600
1_3_0916162451.png,799,600,plate,1,1,274,282
0_0_0916161819.png,799,600,plate,702,306,799,600
1_2_0916162247.png,799,600,plate,1,1,233,271
1_2_0916162247.png,799,600,plate,431,1,799,377
1_2_0916162247.png,799,600,plate,560,403,799,600
1_2_0916162509.png,799,600,plate,395,1,799,359
2_1_0916161726.png,799,600,plate,316,1,799,388
0_0_0916162451.png,799,600,plate,431,1,798,524
1_3_0916162135.png,799,600,plate,1,1,206,346
1_1_0916162153.png,799,600,plate,1,1,635,596
3_3_0916161939.png,799,600,plate,1,1,135,392
1_1_0916162621.png,799,600,plate,1,108,651,600
1_1_0916162621.png,799,600,plate,1,1,600,199
3_2_0916162603.png,799,600,plate,1,1,100,263
3_2_0916162603.png,799,600,plate,245,1,799,251
0_2_0916162153.png,799,600,plate,103,399,570,600
0_2_0916162621.png,799,600,plate,338,58,799,600
2_1_0916162603.png,799,600,plate,192,1,799,238
2_1_0916162603.png,799,600,plate,250,255,799,600
3_3_0916162015.png,799,600,plate,29,1,799,514
0_1_0916162340.png,799,600,plate,199,1,799,600
1_1_0916162322.png,799,600,plate,1,1,497,358
1_3_0916161922.png,799,600,plate,1,3,614,600
1_2_0916162340.png,799,600,plate,498,350,799,600
1_2_0916162340.png,799,600,plate,588,1,799,217
0_2_0916162322.png,799,600,plate,1,1,547,599
0_2_0916162322.png,799,600,plate,312,1,799,290
0_2_0916162322.png,799,600,plate,735,331,799,492
0_0_0916161922.png,799,600,plate,623,409,799,600
0_3_0916162118.png,799,600,plate,342,523,537,600
0_2_0916162518.png,799,600,plate,161,1,796,379
0_2_0916162518.png,799,600,plate,272,432,620,600
2_2_0916161904.png,799,600,plate,78,1,708,375
2_2_0916161904.png,799,600,plate,450,538,611,600
1_3_0916161659.png,799,600,plate,1,1,389,391
2_0_0916162304.png,799,600,plate,502,1,799,166
2_0_0916162304.png,799,600,plate,735,481,799,600
2_3_0916162603.png,799,600,plate,1,373,65,600
0_0_0916162621.png,799,600,plate,503,1,799,275
0_0_0916162621.png,799,600,plate,715,209,799,600
2_2_0916161939.png,799,600,plate,57,1,799,417
2_2_0916161939.png,799,600,plate,199,368,799,600
1_3_0916162621.png,799,600,plate,1,53,263,600
1_3_0916162621.png,799,600,plate,1,1,131,40
3_1_0916161939.png,799,600,plate,115,1,799,600
1_3_0916162153.png,799,600,plate,1,453,415,600
1_1_0916162109.png,799,600,plate,1,1,635,600
1_1_0916162109.png,799,600,plate,306,284,799,600
1_1_0916162109.png,799,600,plate,513,1,654,49
0_3_0916162051.png,799,600,plate,1,344,513,600
1_0_0916162247.png,799,600,plate,341,1,799,600
1_1_0916162135.png,799,600,plate,1,4,400,599
1_1_0916162135.png,799,600,plate,8,1,685,320
2_3_0916161726.png,799,600,plate,1,1,380,290
0_2_0916162451.png,799,600,plate,1,1,564,368
0_2_0916162451.png,799,600,plate,330,135,799,600
0_2_0916161819.png,799,600,plate,535,96,799,600
0_3_0916162247.png,799,600,plate,1,390,297,600
1_1_0916162451.png,799,600,plate,1,220,637,600
1_1_0916162451.png,799,600,plate,738,477,799,600
0_2_0916162135.png,799,600,plate,330,312,799,600
0_3_0916162509.png,799,600,plate,1,365,194,600
0_3_0916162509.png,799,600,plate,1,1,145,322
1_1_0916161819.png,799,600,plate,1,1,501,315
1_1_0916161819.png,799,600,plate,578,349,799,600
0_1_0916162425.png,799,600,plate,145,1,792,558
2_0_0916161752.png,799,600,plate,573,154,799,600
0_3_0916161957.png,799,600,plate,1,436,529,600
2_2_0916162407.png,799,600,plate,1,31,611,600
2_2_0916162407.png,799,600,plate,694,24,799,310
1_2_0916162425.png,799,600,plate,1,27,435,600
1_2_0916162425.png,799,600,plate,570,10,799,594
1_0_0916161957.png,799,600,plate,429,353,799,600
3_1_0916162407.png,799,600,plate,728,1,799,30
3_1_0916162407.png,799,600,plate,565,300,799,600
2_3_0916162211.png,799,600,plate,1,55,458,600
1_2_0916162545.png,799,600,plate,181,1,785,333
1_0_0916161837.png,799,600,plate,717,341,799,565
0_2_0916162527.png,799,600,plate,161,1,799,373
0_2_0916162527.png,799,600,plate,257,431,620,600
0_2_0916162255.png,799,600,plate,1,138,204,600
0_2_0916162255.png,799,600,plate,691,1,799,184
0_2_0916162255.png,799,600,plate,688,227,799,600
3_1_0916162229.png,799,600,plate,1,1,326,600
3_1_0916162229.png,799,600,plate,291,1,597,145
3_1_0916162229.png,799,600,plate,307,112,799,600
3_3_0916161801.png,799,600,plate,1,1,519,597
0_1_0916162545.png,799,600,plate,1,424,159,600
0_1_0916162545.png,799,600,plate,185,425,778,600
0_1_0916162545.png,799,600,plate,1,1,407,414
1_1_0916162527.png,799,600,plate,1,1,353,460
1_1_0916162527.png,799,600,plate,223,119,799,600
1_1_0916162255.png,799,600,plate,1,1,326,134
1_1_0916162255.png,799,600,plate,350,1,799,129
1_3_0916161855.png,799,600,plate,1,1,563,523
1_3_0916161855.png,799,600,plate,298,409,685,600
0_3_0916162331.png,799,600,plate,1,1,676,581
2_2_0916162229.png,799,600,plate,49,1,799,560
2_2_0916162229.png,799,600,plate,1,210,26,286
0_2_0916162042.png,799,600,plate,1,308,474,600
0_2_0916162042.png,799,600,plate,534,225,799,600
1_3_0916162434.png,799,600,plate,1,167,630,600
1_3_0916162434.png,799,600,plate,1,1,246,99
2_3_0916162416.png,799,600,plate,1,1,326,139
2_3_0916162358.png,799,600,plate,1,1,166,412
2_3_0916162358.png,799,600,plate,133,1,799,326
1_1_0916162042.png,799,600,plate,1,1,410,510
1_1_0916162042.png,799,600,plate,374,540,516,600
1_1_0916162042.png,799,600,plate,496,1,799,377
3_0_0916162006.png,799,600,plate,627,1,799,242
3_3_0916161948.png,799,600,plate,1,1,237,597
1_3_0916162024.png,799,600,plate,118,3,799,600
1_3_0916162024.png,799,600,plate,1,1,233,194
3_3_0916162500.png,799,600,plate,1,1,188,154
3_2_0916162100.png,799,600,plate,238,6,799,600
2_3_0916162006.png,799,600,plate,26,1,799,552
0_0_0916162024.png,799,600,plate,663,128,799,600
1_3_0916162554.png,799,600,plate,1,1,442,583
2_1_0916162100.png,799,600,plate,310,1,799,241
2_1_0916162100.png,799,600,plate,707,75,799,281
2_1_0916162100.png,799,600,plate,104,530,703,600
0_1_0916162434.png,799,600,plate,455,1,799,415
0_1_0916162434.png,799,600,plate,590,533,755,600
1_0_0916162042.png,799,600,plate,443,1,799,545
2_2_0916162358.png,799,600,plate,1,116,283,600
2_2_0916162358.png,799,600,plate,197,1,799,574
2_2_0916162416.png,799,600,plate,1,1,449,225
2_2_0916162416.png,799,600,plate,493,1,799,216
0_2_0916162126.png,799,600,plate,331,309,799,600
1_2_0916162434.png,799,600,plate,15,394,639,600
1_2_0916162434.png,799,600,plate,1,66,224,570
1_2_0916162434.png,799,600,plate,709,366,799,599
0_3_0916162042.png,799,600,plate,1,154,410,600
3_1_0916162358.png,799,600,plate,441,1,799,174
0_1_0916162024.png,799,600,plate,1,71,511,600
0_1_0916162024.png,799,600,plate,529,455,799,600
1_2_0916162554.png,799,600,plate,1,320,33,590
1_2_0916162554.png,799,600,plate,412,1,799,574
2_2_0916162006.png,799,600,plate,1,1,709,600
3_3_0916162100.png,799,600,plate,1,24,186,600
1_2_0916162024.png,799,600,plate,1,1,400,452
1_2_0916162024.png,799,600,plate,417,1,799,211
3_1_0916162006.png,799,600,plate,1,1,647,451
3_1_0916162006.png,799,600,plate,457,22,799,600
2_2_0916162211.png,799,600,plate,26,1,647,123
2_2_0916162211.png,799,600,plate,467,32,799,600
1_1_0916161957.png,799,600,plate,100,1,710,477
1_1_0916161957.png,799,600,plate,1,336,215,600
1_3_0916162425.png,799,600,plate,1,1,546,599
3_2_0916161752.png,799,600,plate,1,211,309,600
3_1_0916162211.png,799,600,plate,273,1,799,186
2_3_0916162407.png,799,600,plate,1,1,692,599
0_2_0916161957.png,799,600,plate,1,148,702,600
0_2_0916161957.png,799,600,plate,717,479,799,600
2_1_0916161752.png,799,600,plate,1,87,461,600
2_1_0916161752.png,799,600,plate,483,1,799,413
1_2_0916161855.png,799,600,plate,561,1,799,349
0_2_0916162331.png,799,600,plate,128,1,799,356
0_2_0916162331.png,799,600,plate,654,45,799,357
0_2_0916162331.png,799,600,plate,600,505,799,600
0_2_0916162331.png,799,600,plate,32,473,305,600
1_0_0916162527.png,799,600,plate,312,1,799,463
0_2_0916161837.png,799,600,plate,1,24,535,600
0_2_0916161837.png,799,600,plate,548,97,799,600
2_1_0916162313.png,799,600,plate,152,1,799,600
2_3_0916161913.png,799,600,plate,124,1,351,93
2_3_0916161913.png,799,600,plate,135,1,799,600
0_0_0916162545.png,799,600,plate,343,434,799,600
0_0_0916162545.png,799,600,plate,400,1,799,397
0_1_0916161855.png,799,600,plate,215,3,799,600
3_2_0916161801.png,799,600,plate,1,213,312,600
3_2_0916161801.png,799,600,plate,572,1,799,600
3_0_0916162229.png,799,600,plate,445,1,799,600
1_1_0916162331.png,799,600,plate,1,1,645,394
1_1_0916162331.png,799,600,plate,541,23,799,569
0_3_0916162255.png,799,600,plate,1,225,542,600
0_3_0916162255.png,799,600,plate,1,1,569,320
1_1_0916161837.png,799,600,plate,1,110,711,600
1_1_0916161837.png,799,600,plate,696,1,799,181
3_2_0916162313.png,799,600,plate,224,1,799,206
1_3_0916162545.png,799,600,plate,1,451,297,600
1_2_0916162621.png,799,600,plate,431,29,799,600
1_2_0916162621.png,799,600,plate,342,1,799,49
1_2_0916162153.png,799,600,plate,596,426,799,600
1_2_0916162153.png,799,600,plate,11,1,742,594
3_1_0916162603.png,799,600,plate,263,1,799,320
0_1_0916162621.png,799,600,plate,1,116,585,600
0_1_0916162621.png,799,600,plate,1,1,335,190
0_1_0916162153.png,799,600,plate,46,444,411,600
2_3_0916161939.png,799,600,plate,174,1,799,600
2_2_0916162603.png,799,600,plate,1,246,74,600
2_2_0916162603.png,799,600,plate,166,128,799,600
2_2_0916162603.png,799,600,plate,168,1,799,186
1_0_0916161819.png,799,600,plate,689,1,799,298
0_1_0916162033.png,799,600,plate,1,405,287,600
0_1_0916162033.png,799,600,plate,597,296,799,600
0_2_0916162509.png,799,600,plate,329,1,799,356
0_2_0916162509.png,799,600,plate,391,369,799,600
0_3_0916162135.png,799,600,plate,1,477,193,600
3_1_0916161726.png,799,600,plate,373,247,799,600
1_0_0916162451.png,799,600,plate,750,390,799,572
0_2_0916162247.png,799,600,plate,1,214,300,600
0_2_0916162247.png,799,600,plate,478,347,799,600
0_3_0916161819.png,799,600,plate,1,114,464,600
1_1_0916162509.png,799,600,plate,168,126,799,600
1_1_0916162509.png,799,600,plate,1,1,607,206
2_2_0916161726.png,799,600,plate,1,1,242,247
2_2_0916161726.png,799,600,plate,185,349,791,600
2_2_0916161726.png,799,600,plate,537,1,799,313
0_3_0916162451.png,799,600,plate,1,171,350,600
1_0_0916162135.png,799,600,plate,362,1,799,600
1_0_0916162109.png,799,600,plate,620,125,799,523
1_1_0916162247.png,799,600,plate,1,1,392,600
1_1_0916162247.png,799,600,plate,392,1,799,229
1_1_0916162247.png,799,600,plate,381,535,797,600
0_1_0916161922.png,799,600,plate,1,433,453,600
0_3_0916162322.png,799,600,plate,1,4,715,600
1_3_0916162340.png,799,600,plate,1,302,334,600
1_3_0916162340.png,799,600,plate,1,1,292,229
1_2_0916161922.png,799,600,plate,608,94,799,499
1_2_0916161922.png,799,600,plate,88,412,681,600
1_1_0916162118.png,799,600,plate,26,199,799,600
1_1_0916162118.png,799,600,plate,655,1,798,156
1_2_0916161659.png,799,600,plate,555,1,799,418
1_2_0916161659.png,799,600,plate,542,468,799,600
1_2_0916161659.png,799,600,plate,1,381,146,600
2_1_0916162304.png,799,600,plate,4,190,709,600
2_1_0916162304.png,799,600,plate,1,1,386,277
2_1_0916162304.png,799,600,plate,413,1,799,570
0_2_0916162118.png,799,600,plate,1,44,539,600
0_1_0916161659.png,799,600,plate,1,399,470,600
0_1_0916162407.png,799,600,plate,293,515,799,600
0_1_0916162349.png,799,600,plate,1,1,362,440
0_1_0916162349.png,799,600,plate,371,458,799,600
1_3_0916162211.png,799,600,plate,1,1,128,185
2_2_0916162425.png,799,600,plate,1,200,374,600
2_2_0916162425.png,799,600,plate,397,218,799,600
2_2_0916162425.png,799,600,plate,1,1,358,69
2_0_0916161957.png,799,600,plate,295,1,799,568
1_2_0916162407.png,799,600,plate,1,1,87,569
1_2_0916162407.png,799,600,plate,607,1,799,305
1_2_0916162349.png,799,600,plate,1,1,163,454
1_2_0916162349.png,799,600,plate,379,1,798,262
1_2_0916162349.png,799,600,plate,251,393,798,600
0_0_0916162211.png,799,600,plate,541,362,799,600
3_1_0916162425.png,799,600,plate,348,1,799,383
3_3_0916161957.png,799,600,plate,1,3,237,600
2_1_0916162527.png,799,600,plate,112,189,799,600
2_1_0916162527.png,799,600,plate,265,1,799,155
1_2_0916162229.png,799,600,plate,195,388,750,600
1_2_0916162229.png,799,600,plate,410,1,799,464
2_3_0916161855.png,799,600,plate,71,1,799,600
3_1_0916162545.png,799,600,plate,1,1,507,301
1_0_0916162313.png,799,600,plate,579,1,799,424
0_1_0916162229.png,799,600,plate,1,264,515,600
2_2_0916162545.png,799,600,plate,528,1,799,513
0_3_0916162313.png,799,600,plate,1,15,231,600
3_3_0916162126.png,799,600,plate,1,1,397,219
3_3_0916162126.png,799,600,plate,1,249,166,600
1_3_0916162416.png,799,600,plate,1,73,328,600
2_1_0916162042.png,799,600,plate,129,1,799,597
1_3_0916162358.png,799,600,plate,33,121,799,600
1_3_0916162358.png,799,600,plate,1,1,118,101
2_3_0916162434.png,799,600,plate,1,1,574,312
2_3_0916162434.png,799,600,plate,231,219,799,600
0_0_0916162416.png,799,600,plate,772,456,799,583
3_2_0916162042.png,799,600,plate,1,199,305,600
3_2_0916162042.png,799,600,plate,197,1,799,493
0_0_0916162358.png,799,600,plate,517,1,799,474
2_3_0916162554.png,799,600,plate,1,3,579,600
1_1_0916162100.png,799,600,plate,198,1,725,176
1_1_0916162100.png,799,600,plate,148,42,799,600
1_3_0916162006.png,799,600,plate,159,360,746,600
1_3_0916162006.png,799,600,plate,1,1,409,512
0_0_0916162238.png,799,600,plate,649,493,796,600
1_0_0916161948.png,799,600,plate,489,482,799,600
2_3_0916162024.png,799,600,plate,25,299,719,600
2_3_0916162024.png,799,600,plate,1,402,114,600
2_3_0916162024.png,799,600,plate,336,1,735,92
0_2_0916162100.png,799,600,plate,321,350,799,600
0_0_0916162006.png,799,600,plate,693,314,799,600
3_2_0916162322.png,799,600,plate,400,1,699,144
2_2_0916162340.png,799,600,plate,1,351,307,600
2_2_0916162340.png,799,600,plate,518,1,799,382
2_1_0916162322.png,799,600,plate,49,96,698,600
2_3_0916161922.png,799,600,plate,122,1,346,98
2_3_0916161922.png,799,600,plate,131,1,799,600
3_1_0916162340.png,799,600,plate,497,1,799,442
1_2_0916161904.png,799,600,plate,55,331,663,600
1_2_0916161904.png,799,600,plate,568,1,799,356
1_0_0916162304.png,799,600,plate,522,128,799,600
2_3_0916161659.png,799,600,plate,1,1,342,600
3_3_0916162118.png,799,600,plate,1,79,549,600
3_3_0916162118.png,799,600,plate,1,1,380,105
0_3_0916162304.png,799,600,plate,1,366,448,600
0_3_0916162304.png,799,600,plate,1,1,198,484
3_0_0916161659.png,799,600,plate,605,1,799,289
0_1_0916161939.png,799,600,plate,1,438,125,600
2_3_0916162153.png,799,600,plate,1,461,489,600
2_3_0916162153.png,799,600,plate,1,1,413,513
2_3_0916162621.png,799,600,plate,1,116,235,600
2_3_0916162621.png,799,600,plate,1,1,232,53
1_2_0916161939.png,799,600,plate,121,226,799,600
1_2_0916161939.png,799,600,plate,1,179,125,531
3_0_0916162621.png,799,600,plate,750,48,799,216
3_2_0916162135.png,799,600,plate,1,1,187,217
3_2_0916162135.png,799,600,plate,215,126,799,600
3_2_0916162135.png,799,600,plate,541,1,799,116
2_1_0916162451.png,799,600,plate,1,358,372,600
2_1_0916162451.png,799,600,plate,7,1,696,361
2_1_0916162451.png,799,600,plate,751,1,799,478
3_3_0916162509.png,799,600,plate,1,1,192,158
2_0_0916162247.png,799,600,plate,391,110,799,600
2_0_0916162247.png,799,600,plate,648,1,799,100
3_3_0916162051.png,799,600,plate,1,28,187,600
1_3_0916161726.png,799,600,plate,1,259,345,600
1_3_0916161726.png,799,600,plate,1,1,303,239
2_1_0916162135.png,799,600,plate,154,188,798,600
2_1_0916162135.png,799,600,plate,1,1,185,171
2_0_0916162509.png,799,600,plate,743,490,799,600
1_2_0916162603.png,799,600,plate,96,101,783,600
1_2_0916162603.png,799,600,plate,82,1,683,156
3_1_0916162153.png,799,600,plate,126,16,799,600
3_1_0916162153.png,799,600,plate,1,1,166,86
3_1_0916162153.png,799,600,plate,707,1,799,182
3_1_0916162621.png,799,600,plate,1,1,640,369
0_1_0916162603.png,799,600,plate,180,203,794,600
0_1_0916162603.png,799,600,plate,86,1,679,188
2_2_0916162153.png,799,600,plate,1,12,525,600
2_2_0916162153.png,799,600,plate,525,1,799,446
2_2_0916162153.png,799,600,plate,672,435,799,600
2_2_0916162621.png,799,600,plate,271,110,799,600
2_2_0916162621.png,799,600,plate,437,1,799,38
2_1_0916162509.png,799,600,plate,1,144,768,600
2_1_0916162509.png,799,600,plate,211,1,799,149
2_0_0916162135.png,799,600,plate,561,1,799,199
1_2_0916161726.png,799,600,plate,483,1,799,194
1_2_0916161726.png,799,600,plate,502,297,799,600
1_2_0916161726.png,799,600,plate,1,256,189,600
1_2_0916161726.png,799,600,plate,1,24,26,141
2_1_0916162247.png,799,600,plate,1,99,239,600
2_1_0916162247.png,799,600,plate,206,1,799,594
3_2_0916162509.png,799,600,plate,367,1,799,140
0_1_0916161726.png,799,600,plate,109,168,783,600
2_0_0916162451.png,799,600,plate,551,342,799,600
3_3_0916162135.png,799,600,plate,1,1,399,223
3_3_0916162135.png,799,600,plate,1,251,169,600
3_2_0916162247.png,799,600,plate,169,1,782,414
3_3_0916162109.png,799,600,plate,1,31,184,600
2_2_0916161922.png,799,600,plate,66,1,799,568
2_2_0916161922.png,799,600,plate,443,540,617,600
2_3_0916162340.png,799,600,plate,1,1,385,353
2_3_0916162340.png,799,600,plate,52,237,710,600
3_1_0916161922.png,799,600,plate,187,1,799,600
0_2_0916162304.png,799,600,plate,270,1,799,592
0_2_0916162304.png,799,600,plate,1,86,185,600
3_1_0916161659.png,799,600,plate,1,1,429,277
3_1_0916161659.png,799,600,plate,419,237,799,600
3_3_0916162518.png,799,600,plate,131,1,285,55
3_2_0916162118.png,799,600,plate,1,145,282,600
3_2_0916162118.png,799,600,plate,1,1,267,125
3_2_0916162118.png,799,600,plate,555,1,799,135
3_2_0916162118.png,799,600,plate,553,190,799,600
1_1_0916162304.png,799,600,plate,1,153,481,600
1_1_0916162304.png,799,600,plate,394,1,799,135
1_1_0916162304.png,799,600,plate,551,456,799,600
2_2_0916161659.png,799,600,plate,1,1,229,416
2_2_0916161659.png,799,600,plate,339,1,799,600
2_1_0916162118.png,799,600,plate,1,1,785,405
2_1_0916162118.png,799,600,plate,511,1,799,596
0_1_0916162358.png,799,600,plate,1,1,368,462
0_1_0916162358.png,799,600,plate,368,465,799,600
3_3_0916162042.png,799,600,plate,1,1,141,407
3_3_0916162042.png,799,600,plate,100,1,799,502
0_1_0916162416.png,799,600,plate,1,5,656,600
2_2_0916162434.png,799,600,plate,22,1,741,522
2_2_0916162434.png,799,600,plate,1,345,128,600
2_2_0916162434.png,799,600,plate,672,1,799,160
1_2_0916162358.png,799,600,plate,1,1,163,458
1_2_0916162358.png,799,600,plate,377,1,799,256
1_2_0916162358.png,799,600,plate,249,394,798,600
1_2_0916162416.png,799,600,plate,1,203,426,600
1_2_0916162416.png,799,600,plate,386,116,799,600
3_1_0916162434.png,799,600,plate,201,1,799,377
0_1_0916162006.png,799,600,plate,1,326,518,600
0_1_0916162006.png,799,600,plate,515,168,799,600
0_3_0916162100.png,799,600,plate,1,488,179,600
2_2_0916162024.png,799,600,plate,116,162,799,600
1_1_0916161948.png,799,600,plate,191,1,799,595
1_1_0916161948.png,799,600,plate,1,427,340,600
0_1_0916162238.png,799,600,plate,415,142,799,600
1_2_0916162006.png,799,600,plate,1,1,399,310
1_2_0916162006.png,799,600,plate,483,1,799,453
1_2_0916162006.png,799,600,plate,161,480,416,600
3_1_0916162024.png,799,600,plate,144,1,799,598
3_2_0916161957.png,799,600,plate,1,162,283,600
3_2_0916161957.png,799,600,plate,263,1,799,600
1_1_0916161752.png,799,600,plate,185,1,799,293
1_1_0916161752.png,799,600,plate,560,341,799,600
0_1_0916162211.png,799,600,plate,1,223,503,600
1_3_0916162407.png,799,600,plate,20,1,627,491
1_3_0916162407.png,799,600,plate,53,429,513,600
2_1_0916161957.png,799,600,plate,1,1,355,461
2_3_0916162425.png,799,600,plate,188,47,799,600
2_3_0916162425.png,799,600,plate,1,188,248,600
1_2_0916162211.png,799,600,plate,13,99,636,600
1_2_0916162211.png,799,600,plate,412,1,798,244
0_0_0916162349.png,799,600,plate,531,1,799,473
0_2_0916162313.png,799,600,plate,1,1,429,208
0_2_0916162313.png,799,600,plate,434,40,799,600
2_1_0916161837.png,799,600,plate,31,1,701,294
0_0_0916161913.png,799,600,plate,622,407,799,600
0_0_0916162229.png,799,600,plate,601,304,797,600
3_1_0916161855.png,799,600,plate,323,330,799,600
3_3_0916162527.png,799,600,plate,134,1,283,57
1_1_0916162313.png,799,600,plate,1,1,522,528
1_1_0916161801.png,799,600,plate,568,346,799,600
1_3_0916162229.png,799,600,plate,1,1,226,475
2_2_0916161855.png,799,600,plate,470,548,607,600
1_2_0916162100.png,799,600,plate,1,279,160,600
1_2_0916162100.png,799,600,plate,63,353,584,600
1_2_0916162100.png,799,600,plate,222,1,799,502
1_2_0916162100.png,799,600,plate,710,513,799,600
3_3_0916162024.png,799,600,plate,29,1,799,517
1_0_0916162006.png,799,600,plate,668,1,799,331
0_1_0916162100.png,799,600,plate,46,23,799,600
3_3_0916162554.png,799,600,plate,1,1,394,236
0_3_0916162006.png,799,600,plate,1,436,407,600
3_3_0916162434.png,799,600,plate,285,1,799,337
2_2_0916162042.png,799,600,plate,1,130,116,443
2_2_0916162042.png,799,600,plate,289,325,799,600
1_0_0916162416.png,799,600,plate,540,298,799,600
3_3_0916162144.png,799,600,plate,1,1,500,565
3_1_0916162042.png,799,600,plate,338,101,799,600
3_1_0916162042.png,799,600,plate,392,1,723,128
0_3_0916162358.png,799,600,plate,1,181,248,599
1_1_0916162229.png,799,600,plate,1,1,520,460
1_1_0916162229.png,799,600,plate,294,522,479,600
2_2_0916162527.png,799,600,plate,1,354,26,462
2_2_0916162527.png,799,600,plate,1,1,67,102
2_2_0916162527.png,799,600,plate,324,1,415,33
2_2_0916162527.png,799,600,plate,529,1,799,512
2_2_0916162255.png,799,600,plate,97,1,711,177
3_0_0916161837.png,799,600,plate,676,349,799,600
1_1_0916161913.png,799,600,plate,184,414,636,600
1_1_0916161913.png,799,600,plate,1,1,461,549
3_3_0916161855.png,799,600,plate,1,359,45,505
0_2_0916162229.png,799,600,plate,431,464,799,600
3_1_0916162527.png,799,600,plate,72,1,767,346
2_3_0916161837.png,799,600,plate,1,1,611,460
2_3_0916161837.png,799,600,plate,1,488,370,600
0_0_0916162313.png,799,600,plate,711,430,799,600
2_1_0916162545.png,799,600,plate,1,64,628,600
2_1_0916162425.png,799,600,plate,359,153,799,600
0_3_0916162211.png,799,600,plate,1,156,294,600
1_1_0916162407.png,799,600,plate,239,1,799,572
3_2_0916162425.png,799,600,plate,1,1,325,387
3_2_0916162425.png,799,600,plate,441,1,799,294
3_3_0916162033.png,799,600,plate,1,1,144,425
3_3_0916162033.png,799,600,plate,107,1,799,503
2_2_0916161819.png,799,600,plate,1,1,493,506
3_1_0916162135.png,799,600,plate,1,406,577,600
3_1_0916162135.png,799,600,plate,159,1,799,435
0_3_0916161726.png,799,600,plate,1,193,371,600
2_2_0916162451.png,799,600,plate,1,1,573,475
2_2_0916162451.png,799,600,plate,621,1,799,481
3_0_0916162247.png,799,600,plate,427,1,799,151
3_1_0916162451.png,799,600,plate,1,1,359,386
2_2_0916162135.png,799,600,plate,1,408,179,600
2_2_0916162135.png,799,600,plate,555,90,799,600
2_3_0916162509.png,799,600,plate,1,144,211,600
2_2_0916162109.png,799,600,plate,1,1,295,387
2_2_0916162109.png,799,600,plate,276,1,799,594
2_3_0916162247.png,799,600,plate,1,1,396,400
0_2_0916161939.png,799,600,plate,88,1,799,528
2_0_0916162153.png,799,600,plate,374,1,799,600
3_3_0916162621.png,799,600,plate,1,1,253,165
1_1_0916161939.png,799,600,plate,1,1,269,484
1_1_0916161939.png,799,600,plate,183,2,799,597
3_3_0916162153.png,799,600,plate,1,1,502,569
0_2_0916162015.png,799,600,plate,405,204,799,600
2_3_0916162118.png,799,600,plate,1,88,368,600
2_3_0916162118.png,799,600,plate,149,1,378,76
2_0_0916161659.png,799,600,plate,580,281,799,600
1_3_0916162304.png,799,600,plate,1,1,589,534
1_3_0916162304.png,799,600,plate,1,471,305,600
1_1_0916161904.png,799,600,plate,1,279,616,600
3_3_0916161659.png,799,600,plate,4,57,799,600
3_3_0916161659.png,799,600,plate,1,1,92,55
3_3_0916161922.png,799,600,plate,1,352,54,499
3_3_0916161922.png,799,600,plate,374,1,753,182
3_1_0916162322.png,799,600,plate,32,1,652,155
2_1_0916162340.png,799,600,plate,14,1,799,506
2_1_0916162340.png,799,600,plate,479,379,799,600
2_2_0916162322.png,799,600,plate,132,1,799,600
3_2_0916162340.png,799,600,plate,1,1,359,403
3_2_0916162340.png,799,600,plate,245,10,799,600
3_2_0916161659.png,799,600,plate,1,215,227,600
0_1_0916162304.png,799,600,plate,313,99,799,600
3_1_0916162118.png,799,600,plate,421,173,799,600
2_1_0916161659.png,799,600,plate,1,236,400,600
2_1_0916161659.png,799,600,plate,338,1,799,501
1_2_0916162304.png,799,600,plate,1,384,222,600
1_2_0916162304.png,799,600,plate,1,1,186,81
1_2_0916162304.png,799,600,plate,613,1,799,371
2_2_0916162118.png,799,600,plate,1,1,523,600
2_2_0916162118.png,799,600,plate,511,110,799,600
3_3_0916162340.png,799,600,plate,1,161,276,600
3_3_0916162340.png,799,600,plate,88,1,750,332
2_3_0916162322.png,799,600,plate,1,168,157,505
2_3_0916162322.png,799,600,plate,1,1,466,167
2_1_0916161922.png,799,600,plate,15,1,781,596
2_1_0916161922.png,799,600,plate,608,555,765,600
3_2_0916161922.png,799,600,plate,1,106,167,591
3_2_0916161922.png,799,600,plate,67,1,799,600
2_2_0916162247.png,799,600,plate,163,399,766,600
2_2_0916162247.png,799,600,plate,1,164,71,534
2_2_0916162247.png,799,600,plate,567,1,799,407
2_2_0916162509.png,799,600,plate,373,118,799,600
2_3_0916162135.png,799,600,plate,1,103,486,600
1_1_0916161726.png,799,600,plate,193,1,799,290
1_1_0916161726.png,799,600,plate,267,215,799,600
3_0_0916162451.png,799,600,plate,518,1,799,359
3_1_0916162247.png,799,600,plate,1,1,253,126
3_1_0916162509.png,799,600,plate,1,1,747,381
0_2_0916161726.png,799,600,plate,502,151,799,600
2_3_0916162451.png,799,600,plate,1,1,555,476
2_3_0916161819.png,799,600,plate,1,485,379,600
1_1_0916162603.png,799,600,plate,203,1,799,248
1_1_0916162603.png,799,600,plate,199,244,799,600
3_2_0916162621.png,799,600,plate,376,1,799,287
3_2_0916162153.png,799,600,plate,1,266,149,600
3_2_0916162153.png,799,600,plate,1,1,408,182
3_2_0916162153.png,799,600,plate,580,1,799,475
1_0_0916161939.png,799,600,plate,289,1,799,582
0_2_0916162603.png,799,600,plate,42,108,673,600
2_1_0916162621.png,799,600,plate,6,223,692,600
2_1_0916162621.png,799,600,plate,34,1,669,202
2_1_0916162153.png,799,600,plate,1,1,379,600
2_1_0916162153.png,799,600,plate,115,1,237,40
2_1_0916162153.png,799,600,plate,573,131,799,600
0_3_0916161939.png,799,600,plate,1,14,89,216
2_0_0916162545.png,799,600,plate,597,267,799,600
2_2_0916161837.png,799,600,plate,636,1,799,313
0_1_0916162313.png,799,600,plate,1,1,626,375
0_1_0916162313.png,799,600,plate,1,423,520,600
0_1_0916162313.png,799,600,plate,655,1,799,219
3_2_0916161855.png,799,600,plate,59,1,799,600
3_2_0916161855.png,799,600,plate,1,337,185,600
0_3_0916162229.png,799,600,plate,1,480,228,600
1_0_0916161913.png,799,600,plate,503,1,799,462
3_1_0916161837.png,799,600,plate,1,309,506,600
3_1_0916161837.png,799,600,plate,481,248,799,600
1_2_0916162313.png,799,600,plate,1,167,601,600
2_3_0916162527.png,799,600,plate,1,1,548,600
2_1_0916161855.png,799,600,plate,1,1,742,405
1_2_0916161801.png,799,600,plate,1,284,418,600
1_2_0916161801.png,799,600,plate,502,294,799,600
1_2_0916161801.png,799,600,plate,479,1,799,191
1_0_0916162229.png,799,600,plate,506,1,799,338
3_3_0916162425.png,799,600,plate,1,1,270,223
3_3_0916162425.png,799,600,plate,302,1,799,214
1_2_0916161752.png,799,600,plate,1,289,433,600
1_2_0916161752.png,799,600,plate,481,1,799,190
1_2_0916161752.png,799,600,plate,498,295,799,600
1_2_0916161752.png,799,600,plate,1,19,27,147
3_1_0916161957.png,799,600,plate,338,81,799,600
0_2_0916162211.png,799,600,plate,298,43,799,600
2_2_0916161957.png,799,600,plate,70,1,711,556
0_3_0916162407.png,799,600,plate,1,296,525,600
1_1_0916162211.png,799,600,plate,1,1,559,431
0_2_0916162006.png,799,600,plate,1,98,501,600
0_2_0916162006.png,799,600,plate,592,392,799,600
2_1_0916162024.png,799,600,plate,324,373,799,600
0_1_0916162500.png,799,600,plate,1,1,587,600
1_1_0916162006.png,799,600,plate,1,1,509,371
1_1_0916162006.png,799,600,plate,540,1,799,205
0_2_0916162238.png,799,600,plate,1,211,305,600
0_2_0916162238.png,799,600,plate,485,345,799,600
3_2_0916162024.png,799,600,plate,1,1,160,365
3_2_0916162024.png,799,600,plate,97,1,799,376
1_3_0916162100.png,799,600,plate,1,514,520,600
1_3_0916162100.png,799,600,plate,1,1,167,412
0_2_0916162416.png,799,600,plate,1,1,737,599
0_2_0916162358.png,799,600,plate,213,1,633,193
0_2_0916162358.png,799,600,plate,242,57,799,600
0_2_0916162358.png,799,600,plate,1,464,155,600
2_1_0916162434.png,799,600,plate,263,240,799,600
2_1_0916162434.png,799,600,plate,460,1,742,119
3_2_0916162144.png,799,600,plate,1,277,150,600
3_2_0916162144.png,799,600,plate,1,1,407,177
3_2_0916162144.png,799,600,plate,580,1,799,474
1_1_0916162416.png,799,600,plate,1,148,574,600
1_1_0916162416.png,799,600,plate,174,1,574,94
1_1_0916162416.png,799,600,plate,598,247,799,600
1_1_0916162358.png,799,600,plate,368,1,799,461
2_3_0916162042.png,799,600,plate,139,279,799,600
2_3_0916162042.png,799,600,plate,1,469,153,600
3_2_0916162434.png,799,600,plate,1,1,80,290
